{"text": " \u05d4\u05e9\u05d9\u05de\u05ea \u05de\u05e1\u05d9\u05de\u05ea \u05dc\u05de\u05d7\u05e8, \u05dc\u05d1\u05d3\u05d9\u05e7\u05d4, \u05dc\u05db\u05dd \u05d7\u05de\u05d0\u05d4 \u05d1\u05e6\u05e2\u05d9\u05dd \u05d5\u05db\u05dc \u05d4\u05e9\u05d0\u05e8.", "segments": [{"id": 0, "seek": 0, "start": 0.0, "end": 8.2, "text": " \u05d4\u05e9\u05d9\u05de\u05ea \u05de\u05e1\u05d9\u05de\u05ea \u05dc\u05de\u05d7\u05e8, \u05dc\u05d1\u05d3\u05d9\u05e7\u05d4, \u05dc\u05db\u05dd \u05d7\u05de\u05d0\u05d4 \u05d1\u05e6\u05e2\u05d9\u05dd \u05d5\u05db\u05dc \u05d4\u05e9\u05d0\u05e8.", "tokens": [50364, 22537, 1842, 40339, 32904, 1842, 40339, 31383, 245, 2986, 11, 5001, 4349, 241, 20530, 2225, 11, 32872, 6614, 12400, 9202, 238, 2225, 6044, 99, 7924, 4672, 7666, 37004, 22537, 6106, 101, 13, 50774], "temperature": 0.0, "avg_logprob": -0.5221470424107143, "compression_ratio": 1.2027027027027026, "no_speech_prob": 0.0786522924900055}], "language": "he"}